Method,Precompute Time (s),Avg Query Time (s),Total Time (s)
BFS per query,0.0,0.06481780000103754,0.06481780000103754
Dijkstra per query,0.0,0.16484489999857033,0.16484489999857033
Bidirectional Dijkstra,0.0,0.15272850000110338,0.15272850000110338
A* per query,0.0,0.17020810000030906,0.17020810000030906
APSP via repeated BFS,0.0841325000001234,0.004174699999566656,0.08830719999969006
APSP via all_pairs_dijkstra,0.19204549999994924,0.0007619999996677507,0.192807499999617
APSP via Floyd-Warshall,2.472860400001082,0.00472740000259364,2.4775878000036755
