Method,Precompute Time (s),Total Query Time (s),Total Time (s)
BFS per query,0.0,0.034331200004089624,0.034331200004089624
Two-layer Transfer,0.0,0.00012179999612271786,0.00012179999612271786
