Method,Precompute Time (s),Query Time (s),Total Time (s)
BFS per query,0.0,0.030184499999450054,0.030184499999450054
Two-layer Transfer,0.00042799999937415123,0.00011219999578315765,0.0005401999951573089
